id_video;operation
CVX45RKO6hE;1
JNWJtv-3y1Q;2
mlYK4I-zy4U;3
tLCkPKCBeL8;4
kfTtCJXHC0c;5
cnOz3T8589k;6
lXyR55hyQH8;7
z0XDR_GeoP4;8
ruDjb15CZMc;9
aTUj5eo_eG8;10
vvj2LL4p60Q;11
URV9tG3flKg;12
JhMZkqJs2Ck;13
ff88t2TD8Nw;14
TBObJlQz928;15
EO3LLYVfr_I;15
vhLIYjyV2aU;16
Fj6j53uSMhg;17
3jdN-Tj6UWg;18
dCUti_RZU5g;19
wOo-SAHTmj0;20
L1hIglLbE_8;21
6ExfkT7-DCg;22
Z8Sr_gvFti4;23
jkSK5PLU9x0;24
8mlWd73nDMo;24
-T_DSLmDHXM;25
foA_NLbVyvs;26
Suvz_MpNp6Y;26
LsSZWxpXWz4;27
DWnFqXXmRjI;28
n-kj2Ep7uCU;29
pSWedH0iumY;30
1vZJJ7j7nJo;31
S1VjLNaUWjY;32
OjQ_D4R80HE;33
now5kE7xaa0;34
Hp_SEWwqyAA;35
HnDDmCNFrZ0;36
lm5P4uzz-1Q;37
lmUoQyRDmR4;38
nNv1ShUR9AU;38
Ba9Bs7yRNxE;39
ON8VNZTgY2E;40
kGAotgqYegw;41
hBRNPjopRV0;42
BUKFDYr6iEk;43
1HkDubSsFG8;44
VTFbi-Fp_K4;45
wnNVbz-1QNM;46
S-FqWg4bFA4;47
mgKB0BEOhyU;48
H-5BZHCVgcg;49
DCwpIIp0tLY;50
0TbW9D2_nGc;51
VEJ2cA2-T6s;52
V-jy8ZzBckA;53
yUafVeBTK-w;54
LkOMkVQGMkk;55
FtRrjTswqDs;56
21jcasyxgo0;57
0kyH6iUhqqA;58
ecXx5dFr8Js;59
YiIMSyhoGHA;60
7JW2wiU6RR0;61
kvvvr7O_yYE;62
HxSLmUc9PvY;63
AczBpOpUDW0;64
GWDDAXCiNK0;65
m8FSV2f_Oc4;66
GuBTmTn3c8E;66
ih8fbspSVks;67
0qp2dU9LfNs;68
5Dl83uqXd3Y;69
SW2ZARzet4M;69
PEXBgHdScFM;69
BSq--odW71Y;70
6smBvKww8nI;71
Kp1lguTWGmc;72
BAsiJeX-RQs;73
WbiKeceuUTU;74
4iOY4o8hdik;75
m-JdW2TN9-4;76
8hUGOQUgkOo;77
H6u3tP-QIQc;78
zpiiaIP3npU;79
69F6Y9ln_EE;80
2mzsnEVaBbE;80
6FatiRMrsfs;81
YfMoCWgglXQ;81
GRiFJgbsK9A;82
ueq5x6ZSCJQ;82
GZBzLlsborQ;83
nc_QITxLpjc;83
FMv6N0biNLI;83
4APvzwmeG8M;83
wUe2KLlqUew;84
RqvLE3e2OEA;85
yfL76Q24ugg;86
KoNUQCoktio;87
n1eMosQZ94Y;88
U4i5XuazLFo;89
tUp41tK57gA;90
GntUXnIMaGg;91
_gAa3V7fQeE;92
J7rK7MnLGjY;93
oYxeRW6RcZs;94
TBHVOyy0FLM;95
2V5gWelBrFY;96
xiCAyinhfr0;97
V6ZzgcqbCWk;98
F2UzoVhgVio;99
08WCd4ouFX4;100
sz3jJQWsfgU;101
5IvJKA1-ft8;102
-JfEtimnQnE;103
JAOMkcjxQ8o;104
L49BespQqxM;105
URYqp7vBWuE;106
FlwlunOGxQA;107
e7zWzE19cYg;108
Bu5be7stHY0;109
rmhzKVf0eI0;110
VfrqsYKaZp0;111
221xTN7LNDc;112
v4NwmSdaNn0;113
9VQyYWYARgM;114
FyqZsiHsMDk;115
2wkLYYOWzMM;116
Wup5uU-hY7s;117
Gz-C0LsC_uA;118
wPGkluJIRgg;119
T-rgYWw9Dkg;120
clLNvKW2VLA;121
2cFOXjuyDSs;122
BuSgc1N9Qzk;123
HB9wILNhz7w;124
nb3CSLkLnoY;125
mBdgmeJpBtk;126
q-q6g_IN1H4;127
r08reidqIjM;128
vdu7L3ac7KI;129
GTlIKzv9yfE;130
SEbfOnCQgQE;131
SYsNjFA3yuA;132
osSDxOb-PGM;133
GHkM7Tm6TDM;134
uwvT9sQaQ_U;134
a1r_vvz6QTA;134
HsfT_s1Z680;134
7Ad4oiWtPQY;134
mlDvOx8mVsY;134
guv_TAlS67A;135
6Go760OA1Ig;136
fdYVw0UrPqU;137
J0DTEmXlEXc;138
VqSJCGZPtOs;139
ezmCokSn7r0;140
B92bqIDlkM8;141
TVjx1xsCFTo;142
ePSkUbHmtCY;143
VLlpctCVx4Q;144
YAcLqFc3U2U;145
6DPCgIlQARM;146
dgTGVlLJgks;147
el-p5MLfzrM;148
cqM7wn8clNI;149
jNxuaBQqd2c;150
725VrXK3ml8;151
3i1RgCc90Lg;152
66vysW-dKZc;153
ItO2ozZnKEc;154
4DfCMKCGRdE;155
5Os9yDcyEy4;156
-QRe0GaYpO0;157
JRMy-lwq3Kc;158
x1gxF5zBgMI;159
bld6ujj1_PM;160
1bvJOVm5wHk;161
hZ35zJ5mAz8;162
Dx9xc4_Z7b0;163
muJfMnwT5Wg;164
5ye1WhQqbnk;165
hi5oP2mjYm4;166
hFTAqMnDoOY;167
IZAU-5-Ixgs;168
stBpVILH-cY;169
xc1waGzgwaQ;170
hmizBfA3hVM;171
kVES250b4uw;172
tPkUmd4U-Sk;173
ww6y7zYDJBI;173
Zu231alCg5c;174
ks_D8mmPdOM;175
0JzF44rD8pE;176
iC7ftpyZrOk;177
YMUS1spuE8U;178
rMG1ST0Yg38;179
M-m3RTybG0k;180
yHAGPW0HeRk;181
4GPT-hoGsos;182
QV8U8zdqYDQ;183
xdiUKgD2wMM;184
PlIkNrCqoH0;185
rHgRViq4kKE;186
dM2tSaiyGF0;187
6pKJ5GJmxUQ;188
QJR9aFh25Sk;189
_4LWy6xWW2k;190
h4Hu7ipttGc;191
Xijh9Y-DNIU;192
UMf-fEMzCZQ;193
xnToVQZhKRA;194
dsuXodQbLD8;195
oUnwhF6QGMI;196
1Ut0FP85suc;197
PtNt9jUvoz0;198
4sLN2chws-8;199
laMrAdqTR_c;200
WmtZUFTzSqs;201
voz-k5oNrKo;202
BDw_386yBAk;203
Eme5h7J7hhk;204
Xvpn4aDcpXM;205
a3JoxouRv1w;206
0eXfJtiwJT4;207
OHstc3zZt24;208
_99sJ0gTJDg;209
s7kQgBFjjmk;210
eelaaEe6ZTg;211
VuZknmHRIZs;211
pcsLTlLfV78;212
RulCE9o0IMo;213
fb2m3_opUpw;214
cBwz8GBos2g;215
JmqU5NJFtvI;216
P9pTtUmGBbU;217
GJIFLR7CYtA;218
Wv9uTUyuSH8;219
8eRsApsW5zM;220
qm37wGLqWhQ;221
nSCyN-NSUTk;222
e9ayBmjg_T0;223
2fS_r0sPXmQ;224
NXY68dTvoK0;225
WgTSGuYdFHM;226
pQYwxNz3XQg;227
FBskVA1R_ic;228
CsHjOetAVFE;229
EKxTgU3xmkg;229
k6cdBUBb5Ak;230
x0B_jGz3TlI;231
obdLorhP37s;232
fd9CoSC87fA;233
8k_xBBy1L1I;234
Zynjrn-bMNQ;235
2QncpGmzqdY;236
UuTyfnnvCFk;236
1JKzS2v6lOw;237
4nKOHKI50a8;237
uuJXnSb_lC4;237
J1UILZLE5OY;238
zxSmE3nJzzA;239
YaGH6G7-EPk;240
Un8Awk3HFl8;241
rXx8F7hq3xA;242
v2vh2o9_Jx0;243
xwds934oU-M;244
dE5tT0Q1toc;245
4lfI8hWvebk;246
-WfcS9VP1S0;247
goAlZbBVOsI;248
jouNvyZ1leM;249
vJG900K0I-c;250
GbplBPqG6Ak;251
tiMbTTogZNs;252
15e-EoEXx9I;252
YEL-WzfC02E;253
qD1IvLqDNG0;254
gICTGhF_eaQ;255
AY2r1vDQX1I;256
9oCOMmh0Lnw;257
j7cA5RLyWb0;258
BsZYhOey2m0;259
H177qVosFgU;260
0b2U_AhZQmg;261
ydfAK01t-sI;262
PFWpApIabpI;263
ENHhlYn1Cro;264
4lWa9FZqx3k;265
JG9w78TbXJY;266
gNfyEtPw8Zk;267
eQVina8u3DE;268
sgW57NOk08I;269
pkFTJarexPk;270
CNAgjbZZRAA;271
XjkKPnT1jnk;272
yONHFqRFMu0;273
8sy-L54USYc;274
RF2ye9hPnaU;275
0EYnyGNBd5U;276
x02-_C8nK8U;277
s4yQkfMrnVE;278
m7ZvjRYDGS4;279
ej8mu99KNKM;280
ymkL2n0qoLA;281
CPvJJU1D_Lw;282
gHh5mbW-0jA;283
1BqudlG8cB8;284
r9Hj7vLnSmI;285
pLe_B5slYxk;286
jw8rtP-GYvk;287
HyMHx3iDQq0;288
QMUYszY-Pwc;289
YjJb9APpCUg;290
BCt5xdEw74A;291
fJUzRl345Ic;292
qCKD1o9ol9w;293
Th7o7c6jTog;294
PPHL1RDDw1E;295
KqsdPAcAHNQ;296
kQwMlN_HIqg;297
twPJN-REBBw;298
6c_4fvtYBEc;299
Afn9Zy1P4-c;300
Ta52cBgCIh4;301
YjrHDzvzDgY;302
9W9buDy72lA;303
9WkTw0mviUM;304
E7BwxYLCEPU;305
TDRLiqqvvtI;306
jtdryJokJxA;307
wicWr5OX-c8;308
B_3FoV8e5iQ;309
dh8QXA5qJw8;310
sSnwoPeFpo8;311
dEYGCy-Hi7g;312
fwO1aq3BJDE;313
qzqzxN03Z7w;314
YFaPPd04YF4;315
Fgcbhepvs7M;316
ywnQ5MuE9I4;317
6T4-Ora_FD4;318
6BZberC_BvM;319
UTSByS63n9o;320
jDZIcAkk37w;321
OepmIXSdttQ;322
0H2fDkuMi_Q;323
7XMFaez8pNo;324
e5oUZvDWhqY;325
tEQh_SoL0NA;326
2TlPPcMtrdw;327
tsCFzGn0_G4;328
ANSEFH9Ai1Y;329
gKq6ZN7v3Xg;330
CC3L8Sxz_P4;331
uyGcxZgG_tU;332
xzPhMjQ4bjc;333
dV5pFUiJ1lQ;334
7KeDOGTClWM;335
6bALSbg7KsQ;336
7bX0sSY82VI;337
A2R3lscy7TA;338
lr4n3fqxj8Q;339
S3H-4LTemPw;340
jNsGeVrWwwc;341
EWXniEI6PQw;342
jTgahbDCvz4;343
K5UOQ7mJ8Fc;344
CZjegoBWZRo;345
sEcBUr4AIm0;346
WZpL820_NqM;347
35ZGLXZ3JkM;348
HkOsiYe1_oM;349
DywxRHMWypQ;350
ZN33i9oqjsU;351
kIoTIWVdiao;352
N6p6OPPF3bw;353
Y-zjlUKRnFs;354
4GYv4siHNVw;355
Nd6gDKdGY9E;356
MAct1Oiur5A;357
EMU_Ulv6CFA;358
v_WgZDCu4wA;359
4JcbjC-9qjI;360
esd5EYwrU9g;361
aThQkLKBWgk;362
GVC_qZmNuOc;363
NkZvgMp94hA;364
_LQwd9HCnHU;365
OEtb0N20YrA;366
xZ3aW8b5ZkI;367
DMKToFoFG64;368
EQ2WsOVSQaU;369
tX2gzqjjxmo;370
tht3j0QKZP4;371
1wmOK8haTuc;372
Pwu7uHHisvc;373
VdDB5Czgh1Y;374
3C_CHatIN_4;375
hiXgC5rNGLM;376
Xaa7E3ZOC34;377
LKMxzS87Pnw;378
SaxMFU6meGk;379
weuFLiFfpLc;380
yPWYeJyxi-Y;381
RqbP7jQUqJg;381
zlwno2RA-gk;382
aaPT8HFQbDU;383
L2NNI7a2_qs;384
y0V3ypdMEcU;385
cBOmSIgjFwo;386
SUPdMWVmukA;386
-UGqtmgkJQI;387
NwdXOrUJEuY;388
4IC6k8wZk8M;389
7jAu4PPqR-4;391
WA5-VPp6VSI;392
aHgeFg8dwO4;392
DPc4eBN_5bI;392
4K9I6PvMf20;392
ecfk1Z2YjMg;393
Uer9pikGh3M;394
kVudCwyXzTE;395
jYpxGQTkBnY;396
WFRw4ld5Xaw;396
gvRuipiAcWs;396
NHkphDWk-T0;396
95wiT7W_Eug;396
Uc1duyZfsYU;396
JZxR4401r-Q;396
qTsIwrERdfw;396
Y5r4H-DZLpA;396
8kzsh2nuT-4;396
cIbOlfG1HSo;396
9gDbb2G7N4Q;396
E_yKzKdBMd0;396
Qr8EWm9Z-JI;396
QhjkjXVAHiA;396
0VRUQVuAqv0;396
VbQ2rjRzmzo;396
qRK7EBaC3OM;396
4PTlhIE7jtU;396
ofPBWPK8jks;397
jshbBMr5Hh0;398
QMZZsra2Loc;399
vnMbDK6W_D4;400
s2ISDPnoyzc;400
Utaun4W3jJM;400
e6Mh5XO3894;401
G_S_Nt1qUbA;402
zWcENAd1xI4;403
3aI2Vd097uA;404
sexImI5YeFY;405
oaMer7R8TrA;406
IB6Og04bgpQ;407
LNyNOIO1iAs;408
Mw9CSUL_uLI;409
LEdCZ0JHcIE;410
E-aRo9q17zI;411
GkFqJ4xXfOw;411
eb12iuGwn5M;412
Za9R0tB40UA;413
Ce7jd9k4FMs;414
gd5G2EZmlTk;414
Zu4F_0u5200;414
UF7Ue2v5c8c;414
epJ73Vv83KI;414
wNs1ZAFAAWk;414
tWrgrFdocdc;414
GnJ2PyHyIWw;415
pHsRkm0i_kc;416
WUPPG59htrQ;417
0WZy3qokMbc;418
1tgHCRzm7nM;419
m3ZjZNoD7FI;420
BblUZmfxT1E;421
upHox1RJiqE;422
KzvcqRUlftw;423
aiIsc-H9eDs;424
qgSwZpQIUEA;425
PEnWKMvbC94;426
AKvlKN1O2EI;427
lCLQvbj8acQ;428
iz6xerCIP-I;429
zS0Ko-8S2K8;430
sQd1v5YfrkI;430
QJuxxCQmmrA;430
ToQZ53K0V_I;431
TDEPKFM4GWo;432
QlD5PRE-KVA;433
ZcasF84Qp6c;433
XRQd3JNCE_8;434
u2gz8uMv7z0;435
liKckl-3lnI;436
yTGIS0wGUdM;437
OBVlEfZbXxE;438
-p4bs4ahNKo;439
psAkNcKfS9E;440
dz2pq3e5KFM;441
ZxzSxBeIFBA;442
0eg1L3vHDGM;443
9q6MDjfk2iM;444
jEPd5hE_Q7g;445
JtM-cEXZK0E;446
IUDKv1l41NI;447
0f8tMvusLyI;448
ut1px1Szv-s;449
YoLrFniDt0s;450
6DiKz27ANLE;451
-n2w-ExnjrE;452
aEktBNKbkcY;453
sYed4Z2Z4Yo;454
qIK2fivH9M0;455
yuT_HjiS03E;455
AlOWnzWRa24;455
bym3xsFpnYI;456
lwtnPl6010I;457
yntMkBb7tyg;458
okCUM5w-y-Y;459
-OQKubnz_oI;460
RIgELg4Y_YQ;461
FgWQ8F7eeZw;462
tb_gt-8a-oc;463
2Ifll7eT4XE;464
wkIdYsUx-t0;465
657xs74ZLkA;466
mcU8y96jlaU;467
G0lSb0Kh2-w;468
TRhfZZ-PzLc;468
bDr6g8KFkdA;468
vIiWZt0bvf8;469
2yt2SE8zff4;469
D0uxDJMNA9g;470
Kc4Gu0zczL4;470
8lwmbBZlB9M;471
sxCYFTDZ5Xo;471
qQmurix2glM;471
Lx6d5qnNLX8;471
5x7TceGb-dY;471
_3pFe0Vda4U;471
W-mpyeKNviI;472
t_j1ljuulRs;472
VqK37SrsYGI;473
7KID_LsomOQ;473
HeeIc_-Wsgk;473
NCbcCeteSlg;473
scgDvVhnokw;473
cjFVR8JJi3I;473
NnAuZwZUUiI;473
e2eHFSoXzTo;473
K4CdNNE3FgE;473
hBNt-zNakFM;473
0bcnE_UWznY;473
iddk4lzfRck;473
lXCPHN0rDxI;474
1RMgMHL2O08;474
2oiMY-9sAc4;475
9gI98Qmr-DE;475
YI2n0_RCezI;475
2xF58DhsV6s;476
B1IJP732KvI;476
mRajLMTbwvw;477
pXro011d19M;477
2yXBb0ZIBv4;478
d6vNwPrnBgY;478
OcUTJjZKXC8;479
_V_ZXoXSrhs;480
Z7CyEZsRyIo;481
0AIwoO6C8pA;482
KMrNztzU5fk;483
nsS51ISU_AE;484
K5GgO2YwX9s;485
fdAr2hJ0HOs;486
h5RLfs0bF1c;487
WlgzqbhNPDE;488
mo4EYl-V8mg;489
avauw6m9cm0;490
fd4yN4CCfP0;491
CcFA8Wxnlc8;492
rdrGx8CztrY;493
VXtsAmu6gmY;494
sLfgqrbGUy4;495
2ZtcXIq-7CM;496
bWRZo2y4ucY;497
Gqcyxt3PVcc;498
sZYVFD5wwCU;499
6ktZ5w90ee0;500
uQjtLfeLr-w;501
2eMivIJB944;502
iGdh41h1voM;503
LZg0WI4LpBk;504
011Im6hWGm0;505
ah9FmyVptlE;506
iiJuZxuZs4I;507
qqZHvXubICc;508
dZbTskptXx0;509
unn4UknugMA;510
YGDnkf5DhvI;511
8s6cdJ2rVI4;512
LVZ8YZgAEv0;513
j3G26Nx3d_0;514
vi_29SLSKSQ;515
R_O9n_0zfXA;516
rJWmRubKNQU;517
kFfeXJSBKBU;518
F_10c00ZzJs;519
Oz5hLkbQVXQ;519
MkyHH_X4Phk;520
hL_QiyWBebk;521
58W3iSrGLkk;521
gX4IC3HNUnU;521
LbwL4T4Uivw;522
TUym9YXYhUU;523
Ltq16hRoHxI;524
WYiEuXUSVCI;524
zMyEOCU5NyY;525
dwtOsrrQr3k;526
k-wtBN9h-lI;529
KVc01xXa-RQ;530
hyitJo6WMxk;531
Fp5B7du8eWU;531
jF759yzgwbI;532
f6f3x7mQiEI;533
8ZphBahS3vA;534
ai7M7vHMyIY;534
fCSdK6UbMCk;535
gNV19_A3Zuc;535
5Gu-kekIqYE;536
bOwGN1Bomlk;539
9Wc50ZtENZg;540
EGOgDgkU-ho;541
fXYg7OeT1sU;542
gW6VXujrVeI;543
QhbwHdz5Mms;544
YkH-BdAeip8;546
5wCBTwMxCOU;547
OVqpZ72F-iA;548
8wS2DmgbR4Q;549
FmO4LhbzLvs;551
TX0dn2YaYew;553
FLZ3KA9kqfU;555
C5n_WWDe4K4;556
1qCSiN-tDMM;559
NmdUJMbWwkg;560
elPS33osVNI;562
g8NxALcG6XA;563
ixlQZx1NNeA;564
kkfHN-Sy5b0;565
p0kjnbDSxGg;566
knG2aMxl_Ao;569
1lWjtmOh91o;570
EzGO1CFcI2g;571
QgP2cE4jXbc;573
wCk61uFEijU;574
3j7mYsEBKR4;575
48Ih4RlQLA0;576
giWV2Eh8kwU;578
d4BFXrZV08I;579
bTOFizkVOC4;580
zYon2-rgrt4;582
jVEVbtinFDk;583
zWBikzDrWCY;585
fJgHz3mrgv4;586
RJhcqk0F0DQ;586
LiwR4ldOyO0;587
NIJtBjaeaUI;588
AF9-fz-uhM8;589
r1E1plOeoyA;592
GEKKHRajtDw;595
oGxwraXBvkY;596
Z0swn5t8sqM;598
eeIOfRGqdwM;599
DSlBYW28AGE;600
8xtOmJ9aI7I;601
zv1OUIIjX3c;603
ja8-h7o8jGs;604
CF1MEtZL7Og;606
6llCDKHfgWU;608
F7SIQb6df_I;609
r2sXcVxyDVo;610
3FTNtKyNtk0;611
HaaGDlMzamo;612
VkNp8a8UdTI;614
eFynIIdv3Qg;615
8LRyZQv54fQ;616
XZOWX4cCR6E;617
UAcxVUDt4Vk;617
Wz4Q9CjfCtQ;617
nLrOGJ8xwsY;617
vQug69dit6U;617
bh0-hQlhv6o;617
5yEufCWsgtc;618
8dZzwYap0iw;619
ituxWO-TcSM;619
Ql0UrNLoIWk;620
x5JJUzMqV6o;621
nIVfuD4Pug0;622
Km3EESVgfZ4;638
HunpSbQBwMk;639
YFoiaEUOC0s;639
vUzLId4ZZ5c;640
HGXcI51hJBw;641
80qWgp9-Z64;642
JyzVa81NR3A;643
wsrRRlcEKJY;644
pJ3IX3Y7VKA;644
i9vaZSJylg4;645
9tOEuPZUSV0;646
az-mowJACSs;647
uwpCdUZB6r4;648
bmpRF9XEt_4;651
Pum9dFWV8pg;653
QQCdXqEblMA;654
mCOnjJ2GghQ;655
SZeat0zQbpU;656
4FxFrAqpSCs;657
tMSvHl51cDc;658
qRmAy82Z9F8;659
DjR-6fqC_WU;660
P8oX1fuP-0k;661
QLDa0fm6h6g;664
_oBc9Aq5xjk;665
0h9eE39N9yU;666
C-zdri7bAfs;667
7oUP2-8ww8o;668
SCoN4SJWs3E;669
zSnVGB6uHg8;670
1q6wTvOHKrE;671
hCl802rzB6M;672
7QrBEQt29tY;673
S4R9Puuoy-0;674
x07MA9akWcI;675
Bdx007DkXds;676
eLvII4iPU3I;677
5lnhiP-TOew;678
L3FcCafPyR0;679
mGR7dIc4gn0;680
f0L1zTdfuiQ;681
1ahvVIFt7Bs;682
bHqaSZwJdTw;683
omFDo48KNZc;684
8rRqraK96DA;685
33T7hqhlSdU;686
d0R_bw6a-4Q;687
z0URojo_06s;688
lRy8vaH2p8c;689
0cvGP7RrkUI;690
E0PRblhTcoA;691
wum3yGBNPHs;692
ttYqUy08gF4;693
U2rw9auzeds;694
CFrErCxyUG4;695
3Px05rpCUc8;696
1SGXpObKdR0;696
HqjwHQC8L-0;698
eaQ-JMJzO0s;699
fo0-NK7uPbI;700
5jWxVqUoqgw;701
gCLs5hsr9MM;702
u3-fEaXW6LY;703
E0NrgvbahJI;704
oOwwun95qGc;705
ffeRfp2Zgz8;706
Bq25hP2CXuY;707
MZkJySuEw-I;707
7ViDj36snfk;707
iEVGY5HYEH8;708
t_yJbSyGaVs;709
70V8NyfpAL4;710
_lUkWxlt4hQ;711
970OZGzZNbQ;712
wA9LCJ4k8P8;714
mwQBJ1xYvXs;715
dh67Lf388g8;715
pSOCZQXgWq0;716
HEL5myIn4OA;717
tJMxGykn6cM;718
DP8XqgCBvG4;719
gxoVDmxg-Wg;719
GY2ZeAuri7s;720
39Q3TFRKinM;721
vCFieL1AjtQ;722
KZJJLTyM-Cc;723
HKRUoRCPCHU;724
UPYlKzeCP80;725
oPNFxaF3WlE;726
sPeWwfzwPMs;727
Xdb9T-dx7-U;728
GtQpvdmlugg;729
7ZlSztLDKgg;730
khdKPZHcl8M;730
33U1rFHIDA0;731
g44QKZW4qME;732
4Wk9-Of6vug;733
Opr3qmr5NNE;734
ol0gLldxAqI;735
DXiFDsnO6Jo;736
cprkOyZt4xs;737
eTjiKUZL1cw;738
Jn1QtwLwsvI;739
SwTS2OrWjME;739
z-2nWQplctU;740
__qqQn7x3NM;741
fvUiTok2BZw;742
H85T1-W98zU;743
-CUdJQnDtSc;744
oMpjdI2_wGY;745
SX3phL5IGzs;746
kOT9JRJukQw;747
dwzcttBBRfE;748
I9zT_yLswDY;749
Ig17pNBB4mo;749
ToKYK-BysP0;750
QNLIjFCeSVQ;750
PqolrMBWZzs;751
3s1nv5sA6ew;752
w2lJduvAMoQ;753
1qEvqLS-Sjw;754
-7oBw0TwKgs;755
CRXVvlmUkwU;756
QC-KypIg-TU;757
1anpgEV7Wuw;758
GGMKsIBIbPY;759
JkUADurn3Cc;760
ywbIP5NRrO8;761
yS0cgkQ3AgU;762
0ImQDNmJTR0;763
_c0WKKDKpc0;764
pt6sEX20Ja8;765
Tf2QNfSbNyA;766
bQQlTsAcJkM;767
HSt7-5xyVU0;768
2rwFw8OW4K4;769
JESmyxvVqAI;770
PbcfVx3b_wc;771
zeaCI5BsJbU;772
eF5JDvxCTDg;773
kcqU9CIk5KA;774
UsVbohmRf-0;775
khy5xC7-blg;776
wvNK31LugM8;777
Fat82tX2178;778
W7m1xOijR2w;779
Ofob2qX1ewg;780
94HwwwbThXc;781
1vIwjzWWyRM;782
F_35bC26DZ8;783
G18-Kf49tQE;784
lK9lRoHk9kQ;785
vSVhTQkc59Q;786
l_9IloJP9z0;787
NFSsxJcVzWc;788
bPe2_EKIgSY;789
Q57MzP3H1no;790
-X5__VUMY2c;791
e77wtj5Q66s;792
9TGoxO1Zewg;793
TvJ0L_KETQA;794
Ef2jz0p64ZQ;795
qQUpsJ3DwzU;796
1QiTkJYRGKM;797
3UWpkLHfHts;798
q8tS5_Gru8c;799
8LkQj6i2G3E;800
sarnRBINLQY;801
SMbpv3E6rwM;802
cX0309mX5VQ;803
MERIwMbd4uU;804
SUvtiUEIpLw;805
lz9O7eqcaCk;806
rubsJ7-mKdw;807
xpBNabznhKQ;808
_ObHnWs5vnI;809
A9oBsQCDE_o;810
n6e92tCiJeQ;811
4PjlnRmAaks;812
IGCZAs4vpKc;813
CG0hbkoFkBE;814
erorJaUrhsI;815
Y0X4HqoxD6Q;816
z4PbppeBehc;817
Q8a40mI0oWA;818
z7DBL5K48Ms;819
KpLGVqo-7BM;820
oTr8TsBim3w;821
gE_cMhPRU54;821
JAP-jqwVkBc;822
CR1o8gpFdiU;823
udAhCcQATq4;824
p3-XfGkda7k;825
5tOHKXbiLqU;826
qqveNaT6Eq0;826
idJaSOEoOjc;827
zV2ZB5FU8O4;828
pktjZ-CGAB4;828
FuUFOwOmgnI;829
5RxSgxFyDNI;830
n5yxXdeAwb0;831
FJtYk3S8y5s;832
eRiKmKO0Z3c;833
3C7cSfQDvYY;834
d9_2aa6b67Y;835
i56A_VjJlbQ;836
iiSAkpeSOQ8;837
ds3DCnEmy24;838
5lWbIFSUSUc;839
sQDQiJSc_-Q;840
6B_2Gxn9BU0;841
sXonvL1eIh4;842
k89VNm10Eok;843
DazQttb0aDg;844
iJ2J8T8vT24;845
260G9K25MDk;845
rf2kDIZiBDU;846
sfs0BpgE6Dg;847
gmpIfoqSk9E;848
EjB5BuDd6-g;849
01-l0wYgc3o;850
oToWuuTKXFM;851
Z7EHJwc03EI;852
4rdSnAGGDX4;853
LiMFgtuk6ts;853
tLP-F00IJg4;854
xzAeFfpq3ZU;855
CeAmPVA6EhU;855
4QOfrfJQzbA;855
rfOOA5tpuH8;855
G0bfTTMKIXE;855
KdakflCMMLY;856
R61-iSrHhhM;857
NC0BOcNjHdo;858
PcLKKAXfqMc;859
vLG9bv6qlFE;860
FbppBbzPzK0;861
lZI6ky1F-wc;862
Aesj4V1BzO8;863
JUxIRs4cCdQ;864
9rn9SlUfxjQ;865
ckU57Ju5ZEw;865
WJJdRwK9WQs;865
N2gX8dKdP_4;866
Fd5q-BuljQg;868
KXV2Ww12tlI;868
N1yDwscUisA;869
Cev0r060-o8;870
g2zhAIMFNpI;871
hQIThZuZFTI;872
N3NX4yGPLVA;873
Z1N5OZtEsT4;874
auvhpugDco4;875
5wbJM0ko4g0;876
TJuJZsJtTsg;877
yJ2vd_jtT6w;878
97frjRXi7pM;879
OWFwLpePQk8;880
cnHm9tCSZJ8;881
R73FjN2yNu4;882
dD2F6_Oj2Xw;883
PunsWlQqyww;884
kVqC4bJQVTo;885
iOt4EEhNHyM;885
zDqZ1pWRdUU;885
p_r5SsPQUMc;885
kc57jdfcCxY;885
SFjcBqcwHKU;885
s0fRKskjm9s;885
u3YmOd0Kl4w;885
a2hPtPmqGDM;885
p9_fcz8VhDM;885
44IyJ1rJP40;885
o32aNcAkWNI;885
YujKN5tl_98;885
Cf6ffmzhTdk;885
wnMw5gpi9YM;885
NwMvfE0SwfQ;885
0ZKrUodfchY;885
7H4r5nKuCKg;885
omvLrDsCCUk;885
UxiWz6wnxwg;885
k9HWWLDdQSI;885
ezJzgivsFOE;885
FSkLCZMWmtg;885
dgnEH5JglZc;885
o2eA7k4AnC4;885
I8I4G1Ul5_o;885
fJWRa125RIE;885
yqsaRaVIKLQ;885
tUZdzEIIiRU;885
NM4ZzK83Jh8;885
KamvjoNHsMs;885
cBqqmuxqsEE;885
dPhgJEjWW70;885
S-hMt9obIlA;885
m8O34iahLXQ;885
r5uBNIK3ZLs;885
D3XEz6dAlm0;885
SoooLKGbXWo;886
SvYkpz8MZKA;886
f3c40oNmE40;886
BKTeKFMA2QI;886
L6ALKUMPvVs;886
k57OLIsWZGI;886
L2HM1-ZtOdA;886
ax5pufwsmzc;886
rec8pifJ89k;886
RgYhRj4FFzY;886
IF7ViDbpAi0;886
z8u4Afmux5M;886
hD1KcNu_lAQ;886
8x82EOxlocU;886
jVRHUpMvVA4;886
jkaoXVp3q7I;886
r22We5PE_vc;886
-GdsadDFe1c;886
OH5u_C8oeDM;886
uc_LmYenuvo;886
Z529XzsXkKE;886
mFn9HfMyk_Y;886
b1o_mJHm0ck;886
LPRpyRJXKwY;886
hGlAK19dGQ0;886
_Cit10ghiow;886
3rz-cdieiyI;886
wfpE8CzwgBk;886
iz_9p2ByqR8;886
dKhBl5sgNVo;886
CLIxt4MqBdM;886
5SbXbF8Yeeg;887
pAVOOSwnIzo;887
OnrMm76s1qc;887
I9kXj4ilAnk;887
OjNVnDMkriI;887
0VC8tS1ZgVI;887
gkRWgWVRxyg;887
4R6pBJ8N1yU;887
sTvDN21fmvI;887
gRIqNAc1Gxs;887
pW4aUg-e2rQ;887
t87fUgQ73a8;887
oWL1q1yDmNM;887
4_W917GoCAg;887
ZcwuhT3EE2w;887
sgsWwHG4b6o;887
lnyZ3w9aCyA;887
kkUkb3mIZfM;887
g81_H6zaL7Q;887
rj4rfGcfuqQ;887
sGlkF9jm7A4;887
Ej4t-sJ_pqs;887
ZEGkAqx8wPs;887
mE8Um3ZLILQ;887
PTmAEzXPWYY;887
fCe2GN08zaw;887
nrLNGuo39UQ;887
Z-puj4QAuRY;887
Tuh4F4KG_70;888
dxtTWta9F80;888
jNX20ugAS6o;888
Mkjf9OTPx-o;888
EikMtvXXhrc;888
XTnarePxjYM;888
Chj92JVbylY;888
7FsEZluJgJk;888
oV9nF13x0Qs;888
59_vQ2GKWgk;888
xgX3R3GIY0w;888
M8zxK9ctqoc;888
Drmuqb64EtQ;888
SRQeMnJTxmE;888
aJpfFScQfNs;888
bFzLfBVT0cg;888
aueTUz6Fn5Y;888
fpK4eodONfQ;888
-E8hZ7qOBfY;888
v3iGTA7GezI;888
wJIhhyqvRhU;888
U7Ky4qKOpTk;888
8dvK7cygOYA;888
YqQmQDHGddo;888
SSePAGvb7hA;889
yQWwbAGPwv0;889
-0sVMIQIZ8M;889
Gn4aYrKE0Js;889
woPMIqpMBN8;889
kHfc5ekQrYc;889
kOGB5gGJLRA;889
4BdrxJ3RzSg;889
eKOP5IMqLdU;889
FPW0WyvFHSg;889
5cx1_v2iwUg;889
RrOma09qqAM;889
gWy-Etyof1Y;889
idbohm8RpDs;889
INMra_mXcYk;889
jpU3aEA2Tls;889
reWn2Rd0tlM;889
jNvv_k9gdAQ;889
SlCnL1uYC0A;889
XV6tzAXl27A;889
7m-53xXQ68U;889
XaWlcoYInoY;889
JXi8Fpj7KTk;889
JboHq_B_Emw;889
g1pArDweYQ4;889
LsnH2iFwGsQ;889
Mjmxwa1WwgQ;889
vGic7lq8Ics;889
YNKAyC5cafQ;889
adUzSjw3JwE;889
A8hERtZ7QrE;889
U-mq92SGm60;889
WLpxjB1OiEA;889
b39meCQBFTc;889
wa86xWE_6EU;889
OjUY-205Jk8;889
G1HhtNjWFYM;889
7ypTh6vkGS4;889
PpK_l55wEfg;889
44H49wp695c;889
f7R69ziunH8;889
k1XHQC4pDWc;889
U-LRaxmRyBo;889
oDXMGK7gsRQ;889
4IFzr3r6vX0;889
NcgxcE4xO8s;889
YLPA_gJ8PAE;889
GieKuLONlRU;889
vBqcnudE4Oo;889
O2ZJRJL7KG8;889
TXWmJ9Sy8CU;889
ofG8Gy17LH8;889
4eynqkjPzDI;889
R5gcDr26Teg;889
94aqkawbEwo;889
hwStQxFlYXE;889
Pkq8Eh1jcKo;889
3DjdxFBPaj8;889
eIRTVYitaLE;889
tTUCPGngiKY;889
-3CwKTzXrDo;889
tf1dWc5u94E;889
D0lbK3TihKI;889
smd-Ewi7FMA;889
9ZI8GdTbUrY;889
rKLp54PIubA;889
lwNoAofX96M;889
9ApLCpwBwks;889
HWXtNUdiNWs;889
JTxkb4Yxqq0;889
k218X5x7oLI;889
fdpaN74srvQ;889
GOsepfOPZqw;889
slYIzSLs6NE;889
c4QEe8FuzLo;889
NGiEhpYSqSo;889
bX7JDGGmFE0;889
wzUxh8tuM3g;889
CroPMlY9DPQ;889
zTRgADiKIiA;889
KuDiGZUpzLM;889
jWnMnPzQiJA;889
JKduzfLnaHU;889
rAdr7GZvdZg;889
--aWHYqVCxg;889
VLSIMr_EzXM;889
ccqhmsze0WQ;889
GiawDyhtcS8;889
_nOE_BzM2cs;889
sW90LWdCa_0;889
d8s5TfBg_sk;889
Ny0AXEmZGpc;889
RN8NYuiaIyY;889
OGA_8RoXjsw;889
zMqwvcq0EzQ;889
NLOnxs0mHH4;889
Z0i8Va_NAxc;889
STPMJoePfW8;889
XVRemyAA1HM;890
8ez96W7mHzY;890
ywEYAz7PrVY;890
luoJU52G5Bc;890
_P-nxQv1LjA;890
NBrDVzlnjwg;890
JToVws_ZD-k;890
cIMSUtTGEz0;890
uI-eYc-MVso;890
JxqHtkJhdg8;890
8iposLniv7k;890
Kk2e-0JosIo;890
S4LP6zldSiI;890
WcbYgk-q4wM;890
9J7c85jbBqE;890
n8wQKl4WMZw;890
F492bRzY4yE;890
YkAOeTCdXrY;890
ggl1ErWhdJk;890
K5ihRldWxH8;890
LWdQOK6Syko;890
DzBaI5j5KqM;890
5MvsqEG_KYk;890
8jIXYU_pelg;890
E3GgffhsmGI;890
gbX9KyMcrHY;890
LPJwsQpyMKs;890
Z7Rw7vXec-Q;890
YPpA22MXsVg;890
FcbU5LdMf7k;890
T1MFJpzte_A;890
DRSWlWiZcwU;890
q22th2sgqlw;890
w0Zkyfjw-nI;890
Og0cHKyFmBk;890
r1BzEYdpKCU;890
tUYCXZMkd3g;890
DZGWZvg9jCk;890
1UHNw3ZHh8U;890
OqM8MnZI8Ng;890
Khl1o_pWoZo;890
vbVdZJt1jSg;890
fiRoZUVYhg0;890
Sg1X0H3iuOM;890
_SvrF7KnIPo;890
x8eTgeUWwvY;890
1YnP0yJVvQQ;890
fAoFuZwk2Ig;890
02DKzo4OxwQ;890
W9ZDC_Ihdiw;890
gQt_2GTOk3k;890
Qk8G2D7ETAM;890
OZn3DQwhpKM;890
tpEJGrgxR7k;890
cAVGswos2pU;890
wzmYWAtOalI;890
g74G04POeNE;890
TFDN8eYmESI;890
EFCJAs0ITjQ;890
-_pdX6SHqUU;890
9DHk-PHl7rU;890
7LkWjvpgoRE;890
MTo69j32EQo;890
CXAvdZVIbmI;890
gfwC8kZzbQ0;890
oWoHdeQaHbQ;890
-uqhr9iH3c4;890
rsHb0WaBBdE;890
HPalhEBdnMg;890
CujMno53LEs;890
sToOc9nuzhk;890
5xZD_EzqJv0;890
lmXRJN5VhIA;890
Hjkrt1BMo6Q;890
9MyzQ80kDh8;890
eakk_2WlUIA;890
ceQyBIfJpew;890
2JWQg9vDDjQ;890
PS6Hv9Ii1W0;890
n_0wQVSACYs;890
SLKKFha0sCQ;890
_4bB3UzUhxw;890
KcVEvBSg1h4;890
43gjOkJjSEM;890
clsLVn236TE;890
oqvcqAfeyXg;890
4ZVoWH5YOY0;890
930lp7BkOrs;890
ZRXezIQLV68;890
MBYwkXIX_o0;890
lh4QSpfjnu8;890
rkX2GFW5ISg;890
qs5gQaXDW40;890
TDVoHGz0T2A;890
bTckOnFL9V0;890
nSC1OAO6Dec;890
XYEODVfnoho;890
YfkWtEam9Ps;890
fkavv7pFdKg;890
mS3ZHF_dTHE;890
ySLP30183uU;890
Iyb2CRYM3rg;890
4BHocqhi0_o;890
kE0uDoEHFzk;890
EpwJQ2mR6UQ;890
qZJjH3HrPt0;890
OcbE4c0ySnw;890
977dhCPh3eE;890
EzSUfgs6Pfo;890
4P5gcuFWj9U;890
WjKOSK3ksz8;890
NW5gqeYSKgE;890
GR1EMFq9qq0;890
i4hKUbMswDA;890
oE_Vonfk5qU;890
z0tjdeYLvmE;890
JrdLiZLxE4o;890
--tHw5xnb4k;890
FpA4KUvmNVU;890
2x1CSjVtkhA;890
e2c_s3Ms-oI;890
2RwkSDjDHW4;890
N-2XCjGLGTQ;890
uw2ilFjuVCo;890
a4GIuRe_DZU;890
cG1W2LleOZ4;890
bwHRdo8TLSQ;890
dB8A7vPtjOE;890
_0XDn97xgxg;890
yvFP3NvaleQ;890
K9jKKFBKsds;890
2EiQ5S6k27Q;890
sQu8G1arWDo;890
8e9W8W9c4Wk;890
G0TGLo4aQBQ;890
Wcdr9MfpYLU;890
DZA44U9tb44;890
oVZ7a9MK8Gc;890
0bv1Y39fvCg;890
J8p0-K_GMGI;890
Y5-qUOFh5Nc;890
eXcT8uae6-A;890
egwLPKVXP4U;890
uhl1TXs_Z9E;890
NO_M6L-NX3o;890
cqjrhvVy9w0;890
5krWnj7JafM;890
3I6GVToc5gM;890
LlKFws9XpYQ;890
t6EeUaCTAO4;890
8iUW0WXq6L0;890
UTPSTf3zke0;890
CfIQdUs5cS4;890
XN6G70ziwY0;890
Uiwftd0jPhA;890
WYUz3atAkg4;890
JDwlqnDb8mg;890
ohC2j14_Jbk;890
NpoLIXwygBE;890
boS6WjxdoIM;890
dndoG6fXfv8;890
p9fmsVNgYYs;890
DYp4zJV4xBA;890
QMc5QfyacHU;890
L8BHivFQ-cU;890
jdnVclCMY28;890
txFrKoVuLXU;890
CWBBf-y7wW8;890
Mv8rqAbAHko;890
dTqRZd5pgZA;890
wvH7WZ-tCjg;890
qqKMattq_o0;890
YgInwMIZ2Dg;890
bgDlPZl8qkM;890
8hBCjC2BHgM;890
sw_CrlToQtE;890
wZPugRmbHU4;890
H7hl9ZsC9Nk;890
snJo7OaTkBI;890
p5ii4S2agdQ;890
RSJQFVa96ok;890
pMbGhypWjV0;890
z-0w9oRKEqc;890
aMDfxgU3L4A;890
-7Gh9ec_Ws8;890
Oh-09mrYuG0;890
X9qHwS28DY4;890
joh9GsxXh1Q;890
e2eANXnQX4c;890
DD16PJvwVZ8;890
oX8RRIJiytk;890
arKmwxJMQXs;890
czfHiQcpZ7s;890
dg6U6P4BWJc;890
k6-DNGePD9c;890
1hav9Lgd10M;890
7rmVUekgogg;890
4ziFRoH_C0o;890
XqEgok3Mc_I;890
1nwOYSQbOCU;890
K2L-IH3QdAY;890
FqN3NCi5R-s;890
Vo4qgXDFDxs;890
3lLQHeRcKPI;890
Mol-nsPOgMA;890
TnY6mpGRLfs;890
oVPl5mTQgXw;890
zoYDEGNckkw;890
3fouVyDq5dE;890
HbmGi0pgB90;890
5yje5FuUefA;890
9gunbhZvXQ0;890
nEg24JXWhDo;890
ovGT5qlq7F8;890
MuOl_z7F46M;890
5Zn9eQLt5s8;890
oLKOjqCE8Wc;890
dBVYX8s4fg8;890
uZNusi5UncI;890
ZmrCFGwkkr4;890
11BBPWSxpEo;890
kKkFOrhrLWI;891
D2IQyk2h3II;891
eXXZYIdjH-4;891
teI36G2pHdM;891
XdcmXmnhg78;891
s0IFG9qaOVA;891
3ty_XCTwLEs;891
G7Aws0mgMOo;891
silDr_tfNaA;891
s-BIKmSt09o;891
mFvfwJZy_VE;891
jboFc2_ht7k;891
R3mgJLzivQ8;891
tSxRzSuoqw8;891
F7UmuFA5Q4A;891
hz1tZYDH9uE;891
IoLcJNaDBuA;891
-pW3n5Sm42U;891
tCEh-oiQhxA;891
UEK9K0Sk5c0;891
td0GC10BMgg;891
yAfR4k_elCk;891
U4E_9PJ3UoQ;891
1pzGHz72lFM;891
EGztZPMRtSY;891
GhuH2gwwX8A;891
